Input_n,Iterative_Fibonacci,Recursive_Fibonacci,Iterative_Time_sec,Recursive_Time_sec,Iterative_Space_bytes,Recursive_Space_bytes
10,55,55,0.00000670,0.00001310,492,280
20,6765,6765,0.00000310,0.00230710,836,560
30,832040,832040,0.00000590,0.19494340,1180,840
35,9227465,9227465,0.00000780,2.18815660,1384,980
40,102334155,SKIPPED (too slow),0.00000860,SKIPPED,1620,1120
45,1134903170,SKIPPED (too slow),0.00000470,SKIPPED,1764,1260
